account_id,cohort,device,eligible
c-m-01,current,mobile,1
c-m-02,current,mobile,1
c-m-03,current,mobile,1
c-m-04,current,mobile,1
c-m-05,current,mobile,1
c-m-06,current,mobile,1
c-m-07,current,mobile,1
c-m-08,current,mobile,1
c-m-09,current,mobile,1
c-m-10,current,mobile,1
c-m-11,current,mobile,1
c-m-12,current,mobile,1
c-m-13,current,mobile,1
c-m-14,current,mobile,1
c-m-15,current,mobile,1
c-m-16,current,mobile,1
c-m-17,current,mobile,1
c-m-18,current,mobile,1
c-m-19,current,mobile,1
c-m-20,current,mobile,1
c-m-21,current,mobile,1
c-m-22,current,mobile,1
c-m-23,current,mobile,1
c-m-24,current,mobile,1
c-m-25,current,mobile,1
c-m-26,current,mobile,1
c-m-27,current,mobile,1
c-m-28,current,mobile,1
c-m-29,current,mobile,1
c-m-30,current,mobile,1
c-m-31,current,mobile,1
c-m-32,current,mobile,1
c-d-01,current,desktop,1
c-d-02,current,desktop,1
c-d-03,current,desktop,1
c-d-04,current,desktop,1
c-d-05,current,desktop,1
c-d-06,current,desktop,1
c-d-07,current,desktop,1
c-d-08,current,desktop,1
p-m-01,pilot,mobile,1
p-m-02,pilot,mobile,1
p-m-03,pilot,mobile,1
p-m-04,pilot,mobile,1
p-m-05,pilot,mobile,1
p-m-06,pilot,mobile,1
p-m-07,pilot,mobile,1
p-m-08,pilot,mobile,1
p-d-01,pilot,desktop,1
p-d-02,pilot,desktop,1
p-d-03,pilot,desktop,1
p-d-04,pilot,desktop,1
p-d-05,pilot,desktop,1
p-d-06,pilot,desktop,1
p-d-07,pilot,desktop,1
p-d-08,pilot,desktop,1
p-d-09,pilot,desktop,1
p-d-10,pilot,desktop,1
p-d-11,pilot,desktop,1
p-d-12,pilot,desktop,1
p-d-13,pilot,desktop,1
p-d-14,pilot,desktop,1
p-d-15,pilot,desktop,1
p-d-16,pilot,desktop,1
p-d-17,pilot,desktop,1
p-d-18,pilot,desktop,1
p-d-19,pilot,desktop,1
p-d-20,pilot,desktop,1
p-d-21,pilot,desktop,1
p-d-22,pilot,desktop,1
p-d-23,pilot,desktop,1
p-d-24,pilot,desktop,1
p-d-25,pilot,desktop,1
p-d-26,pilot,desktop,1
p-d-27,pilot,desktop,1
p-d-28,pilot,desktop,1
p-d-29,pilot,desktop,1
p-d-30,pilot,desktop,1
p-d-31,pilot,desktop,1
p-d-32,pilot,desktop,1
excluded-a,current,mobile,0
excluded-b,pilot,desktop,0
