order_id,account_id,status
o-c-m-01,c-m-01,paid
o-c-m-02,c-m-02,paid
o-c-m-03,c-m-03,paid
o-c-m-04,c-m-04,paid
o-c-m-05,c-m-05,paid
o-c-m-06,c-m-06,paid
o-c-m-07,c-m-07,paid
o-c-m-08,c-m-08,paid
o-c-d-01,c-d-01,paid
o-c-d-02,c-d-02,paid
o-c-d-03,c-d-03,paid
o-c-d-04,c-d-04,paid
o-c-d-05,c-d-05,paid
o-c-d-06,c-d-06,paid
o-p-m-01,p-m-01,paid
o-p-d-01,p-d-01,paid
o-p-d-02,p-d-02,paid
o-p-d-03,p-d-03,paid
o-p-d-04,p-d-04,paid
o-p-d-05,p-d-05,paid
o-p-d-06,p-d-06,paid
o-p-d-07,p-d-07,paid
o-p-d-08,p-d-08,paid
o-p-d-09,p-d-09,paid
o-p-d-10,p-d-10,paid
o-p-d-11,p-d-11,paid
o-p-d-12,p-d-12,paid
o-p-d-13,p-d-13,paid
o-p-d-14,p-d-14,paid
o-p-d-15,p-d-15,paid
o-p-d-16,p-d-16,paid
o-p-d-17,p-d-17,paid
o-p-d-18,p-d-18,paid
o-p-d-19,p-d-19,paid
o-p-d-20,p-d-20,paid
repeat-0,p-d-01,paid
repeat-1,p-d-01,paid
repeat-2,p-d-01,paid
repeat-3,p-d-01,paid
repeat-4,p-d-01,paid
failed-c,c-m-20,failed
cancel-p,p-d-30,cancelled
cancel-c,c-d-08,cancelled
excluded-1,excluded-a,paid
excluded-2,excluded-b,failed
orphan,not-enrolled,paid
o-c-m-01,c-m-01,paid
o-c-d-01,c-d-01,paid
orphan,not-enrolled,paid
